{"cameraMode":{"drawMode":1,"name":"Wireframe","section":"Shading Mode"},"sceneLighting":false,"audioPlay":false,"sceneViewState":{"m_AlwaysRefresh":false,"showFog":true,"showSkybox":true,"showFlares":true,"showImageEffects":true,"showParticleSystems":true,"showVisualEffectGraphs":true,"m_FxEnabled":true},"in2DMode":false,"pivot":{"x":-0.5664994716644287,"y":-0.4071013629436493,"z":-1.4066839218139649},"rotation":{"x":0.015037357807159424,"y":-0.9793656468391419,"z":0.07950329780578613,"w":0.1852223426103592},"size":1.5036075115203858,"orthographic":false}