{"cameraMode":{"drawMode":0,"name":"Shaded","section":"Shading Mode"},"sceneLighting":true,"audioPlay":false,"sceneViewState":{"m_AlwaysRefresh":false,"showFog":true,"showSkybox":true,"showFlares":true,"showImageEffects":true,"showParticleSystems":true,"showVisualEffectGraphs":true,"m_FxEnabled":true},"in2DMode":false,"pivot":{"x":13.44955062866211,"y":19.16954231262207,"z":-25.836048126220704},"rotation":{"x":0.41118162870407107,"y":-0.36290833353996279,"z":0.18293726444244386,"w":0.8159422874450684},"size":6.727965831756592,"orthographic":false}